{"type": "metrics", "dataset": "train", "precision": 0.69113233287858116, "balanced_accuracy": 0.7129473453862396, "recall": 0.6092659191876454, "f1_score": 0.5438579926352564}
{"type": "metrics", "dataset": "test", "precision": 0.6745447219983884, "balanced_accuracy": 0.7082802339326095, "recall": 0.6039811419591409, "f1_score": 0.5251651104531997}
{"type": "cm_matrix", "dataset": "train", "true_0": {"predicted_0": 15489, "predicted_1": 2984}, "true_1": {"predicted_0": 1847, "predicted_1": 2880}}
{"type": "cm_matrix", "dataset": "test", "true_0": {"predicted_0": 6762, "predicted_1": 1329}, "true_1": {"predicted_0": 756, "predicted_1": 1153}}
